{"stats":{"minecraft:custom":{"minecraft:jump":74,"minecraft:time_since_rest":30383,"minecraft:damage_dealt":200,"minecraft:leave_game":14,"minecraft:crouch_one_cm":187,"minecraft:time_since_death":30383,"minecraft:play_time":30383,"minecraft:sprint_one_cm":16723,"minecraft:walk_one_cm":8342,"minecraft:sneak_time":30,"minecraft:total_world_time":30383,"minecraft:mob_kills":1,"minecraft:fall_one_cm":1127,"minecraft:fly_one_cm":19357},"minecraft:picked_up":{"minecraft:bone":2,"minecraft:arrow":2,"minecraft:spruce_log":1},"minecraft:mined":{"minecraft:spruce_log":1},"minecraft:killed":{"minecraft:skeleton":1},"minecraft:used":{"minecraft:spruce_leaves":2,"minecraft:stone_axe":1,"minecraft:spruce_log":1,"minecraft:wooden_axe":4}},"DataVersion":3700}